<?xml version="1.0" encoding="UTF-8"?>
<rss version="2.0" xmlns:ror="http://rorweb.com/0.1/" >
<channel>
  <title>ROR Sitemap for https://giorgio.gq/</title>
  <link>https://giorgio.gq/</link>

<item>
     <link>https://giorgio.gq/</link>
     <title>Giorgio Productions</title>
     <description>Web oficial de GiorgioProductions. Youtuber y programador cartagenero.</description>
     <ror:updatePeriod></ror:updatePeriod>
     <ror:sortOrder>0</ror:sortOrder>
     <ror:resourceOf>sitemap</ror:resourceOf>
</item>
<item>
     <link>https://giorgio.gq/TapLoop/</link>
     <title>TapLoop</title>
     <description>TapLoop Official Website</description>
     <ror:updatePeriod></ror:updatePeriod>
     <ror:sortOrder>1</ror:sortOrder>
     <ror:resourceOf>sitemap</ror:resourceOf>
</item>
</channel>
</rss>
  